-- MySQL dump 10.13  Distrib 5.7.20, for Linux (x86_64)
--
-- Host: localhost    Database: oa_dev
-- ------------------------------------------------------
-- Server version	5.7.20-log

/*!40101 SET @OLD_CHARACTER_SET_CLIENT=@@CHARACTER_SET_CLIENT */;
/*!40101 SET @OLD_CHARACTER_SET_RESULTS=@@CHARACTER_SET_RESULTS */;
/*!40101 SET @OLD_COLLATION_CONNECTION=@@COLLATION_CONNECTION */;
/*!40101 SET NAMES utf8 */;
/*!40103 SET @OLD_TIME_ZONE=@@TIME_ZONE */;
/*!40103 SET TIME_ZONE='+00:00' */;
/*!40014 SET @OLD_UNIQUE_CHECKS=@@UNIQUE_CHECKS, UNIQUE_CHECKS=0 */;
/*!40014 SET @OLD_FOREIGN_KEY_CHECKS=@@FOREIGN_KEY_CHECKS, FOREIGN_KEY_CHECKS=0 */;
/*!40101 SET @OLD_SQL_MODE=@@SQL_MODE, SQL_MODE='NO_AUTO_VALUE_ON_ZERO' */;
/*!40111 SET @OLD_SQL_NOTES=@@SQL_NOTES, SQL_NOTES=0 */;

--
-- Dumping data for table `jasset_asbrand`
--

LOCK TABLES `jasset_asbrand` WRITE;
/*!40000 ALTER TABLE `jasset_asbrand` DISABLE KEYS */;
INSERT INTO `jasset_asbrand` (`id`, `name`) VALUES (1,'联想'),(2,'苹果'),(3,'飞利浦'),(4,'小猪仔'),(5,'戴尔'),(6,'税务局'),(7,'惠普'),(8,'AVAYA'),(9,'其它'),(10,'WACOM'),(11,'小米'),(12,'魅族'),(13,'SAMSUNG'),(14,'Google'),(15,'Yealink'),(16,'群华'),(17,'华为'),(18,'OPPO'),(19,'SEAGATE(希捷)'),(20,'MOTO');
/*!40000 ALTER TABLE `jasset_asbrand` ENABLE KEYS */;
UNLOCK TABLES;

--
-- Dumping data for table `jasset_ascategory`
--

LOCK TABLES `jasset_ascategory` WRITE;
/*!40000 ALTER TABLE `jasset_ascategory` DISABLE KEYS */;
INSERT INTO `jasset_ascategory` (`id`, `name`) VALUES (1,'固定资产'),(2,'非固定资产'),(3,'其它');
/*!40000 ALTER TABLE `jasset_ascategory` ENABLE KEYS */;
UNLOCK TABLES;

--
-- Dumping data for table `jasset_asclass`
--

LOCK TABLES `jasset_asclass` WRITE;
/*!40000 ALTER TABLE `jasset_asclass` DISABLE KEYS */;
INSERT INTO `jasset_asclass` (`id`, `name`) VALUES (1,'笔记本'),(2,'显示器'),(3,'组装台式机'),(4,'台式机'),(5,'一体机'),(6,'IP话机'),(7,'测试设备'),(8,'手绘板'),(9,'电子设备');
/*!40000 ALTER TABLE `jasset_asclass` ENABLE KEYS */;
UNLOCK TABLES;

--
-- Dumping data for table `jasset_ascription`
--

LOCK TABLES `jasset_ascription` WRITE;
/*!40000 ALTER TABLE `jasset_ascription` DISABLE KEYS */;
INSERT INTO `jasset_ascription` (`id`, `name`) VALUES (1,'搜易贷（北京）金融信息服务有限公司'),(2,'搜易贷（北京）信息技术咨询有限公司');
/*!40000 ALTER TABLE `jasset_ascription` ENABLE KEYS */;
UNLOCK TABLES;

--
-- Dumping data for table `jasset_asseries`
--

LOCK TABLES `jasset_asseries` WRITE;
/*!40000 ALTER TABLE `jasset_asseries` DISABLE KEYS */;
INSERT INTO `jasset_asseries` (`id`, `name`) VALUES (3,'ThinkPadX240'),(4,'MacBookPRO'),(5,'Display'),(6,'小猪仔DIY'),(7,'Inspiron'),(8,'iMac'),(9,'OPTIPLEX'),(10,'P系列'),(11,'税务局'),(12,'ThinkPadE450C'),(13,'ThinkPadX250'),(14,'ThinkPadE450'),(15,'Precision'),(16,'MacBookAIR'),(17,'Vostor '),(18,'D系列'),(19,'ThinkPadX1Carbon'),(20,'Prodesk400G1'),(21,'MacMini'),(22,'ThinkPadE460'),(23,'ThinkPadE470'),(24,'ThinkPadX260'),(25,'IP Phone'),(26,'其它'),(27,'IPAD'),(28,'iPhone'),(29,'S系列'),(30,'Galaxy'),(31,'Pixel'),(32,'小米NOTE'),(33,'R系列'),(34,'Backup Plus睿品'),(35,'MOTO 360');
/*!40000 ALTER TABLE `jasset_asseries` ENABLE KEYS */;
UNLOCK TABLES;

--
-- Dumping data for table `jasset_assupplier`
--

LOCK TABLES `jasset_assupplier` WRITE;
/*!40000 ALTER TABLE `jasset_assupplier` DISABLE KEYS */;
INSERT INTO `jasset_assupplier` (`id`, `name`) VALUES (1,'京东'),(2,'北京泓葳博业科技发展有限公司'),(3,'北京志达轩科技发展有限公司'),(4,'北京创弛科技有限公司'),(5,'北明软件有限公司'),(6,'其它'),(7,'强瑞伟业（北京）科技有限责任公司'),(8,'苹果电子产品商贸（北京）有限公司');
/*!40000 ALTER TABLE `jasset_assupplier` ENABLE KEYS */;
UNLOCK TABLES;

--
-- Dumping data for table `jasset_astype`
--

LOCK TABLES `jasset_astype` WRITE;
/*!40000 ALTER TABLE `jasset_astype` DISABLE KEYS */;
INSERT INTO `jasset_astype` (`id`, `name`) VALUES (6,'CT01WW'),(7,'0020CD'),(8,'A1502'),(9,'MC007CH'),(10,'272P4Q'),(11,'小猪仔DIY'),(12,'3647'),(13,'A1419'),(14,'3020SFF'),(15,'P2714H'),(16,'A1398'),(17,'税务局'),(18,'A001CD'),(19,'A2EVCD'),(20,'A05MCD'),(21,'A3DWCD'),(22,'A46UCD'),(23,'T1700'),(24,'A1466'),(26,'230'),(27,'D2215H'),(28,'H5321'),(29,'TPC-F064-DM'),(30,'A09FCD'),(31,'A0A0CD'),(32,'P2715Q'),(33,'A00DCD'),(34,'A01LCD'),(35,'P2717H'),(36,'A09KCD'),(37,'1608-I'),(38,'9641G'),(39,'A1708'),(40,'其它'),(41,'PTH-651'),(42,'Air'),(43,'iPhone 7'),(44,'iPhone 7 Plus'),(45,'iPhone 6 Plus'),(46,'iPhone 6 '),(47,'iPhone 6S '),(48,'iPhone 6S Plus'),(49,'S6'),(50,'XL'),(51,'NOTE'),(52,'SIP-T21 E2'),(53,'A0J300'),(54,'D7'),(55,'PTH-660'),(56,'P10'),(57,'R11'),(58,'iPhone 8'),(59,'iPhone 8 Plus'),(60,'STDR2000301'),(61,'SRD00F1'),(62,'MOTO 360 2278'),(63,'XL 2'),(64,'G011A'),(65,'iPhone X');
/*!40000 ALTER TABLE `jasset_astype` ENABLE KEYS */;
UNLOCK TABLES;

--
-- Dumping data for table `jasset_asversion`
--

LOCK TABLES `jasset_asversion` WRITE;
/*!40000 ALTER TABLE `jasset_asversion` DISABLE KEYS */;
INSERT INTO `jasset_asversion` (`id`, `name`) VALUES (1,'国行'),(2,'港行'),(3,'其它');
/*!40000 ALTER TABLE `jasset_asversion` ENABLE KEYS */;
UNLOCK TABLES;

--
-- Dumping data for table `jasset_status`
--

LOCK TABLES `jasset_status` WRITE;
/*!40000 ALTER TABLE `jasset_status` DISABLE KEYS */;
INSERT INTO `jasset_status` (`id`, `name`) VALUES (1,'库存'),(2,'配发'),(3,'借用'),(4,'维修'),(5,'送修'),(6,'报废'),(7,'盘亏');
/*!40000 ALTER TABLE `jasset_status` ENABLE KEYS */;
UNLOCK TABLES;

--
-- Dumping data for table `jattendance_atten_reason`
--

LOCK TABLES `jattendance_atten_reason` WRITE;
/*!40000 ALTER TABLE `jattendance_atten_reason` DISABLE KEYS */;
INSERT INTO `jattendance_atten_reason` (`id`, `name`) VALUES (1,'年假'),(2,'病假'),(3,'事假'),(4,'婚假'),(5,'丧假'),(6,'陪产假'),(7,'产假'),(8,'哺乳假'),(9,'忘打卡'),(10,'外地出差'),(11,'本地出差'),(12,'其他'),(13,'产检');
/*!40000 ALTER TABLE `jattendance_atten_reason` ENABLE KEYS */;
UNLOCK TABLES;

--
-- Dumping data for table `jattendance_atten_status`
--

LOCK TABLES `jattendance_atten_status` WRITE;
/*!40000 ALTER TABLE `jattendance_atten_status` DISABLE KEYS */;
INSERT INTO `jattendance_atten_status` (`id`, `name`) VALUES (1,'正常'),(2,'考勤异常');
/*!40000 ALTER TABLE `jattendance_atten_status` ENABLE KEYS */;
UNLOCK TABLES;

--
-- Dumping data for table `jattendance_day_type`
--

LOCK TABLES `jattendance_day_type` WRITE;
/*!40000 ALTER TABLE `jattendance_day_type` DISABLE KEYS */;
INSERT INTO `jattendance_day_type` (`id`, `name`) VALUES (1,'工作日'),(2,'节假日');
/*!40000 ALTER TABLE `jattendance_day_type` ENABLE KEYS */;
UNLOCK TABLES;

--
-- Dumping data for table `jattendance_holiday_record`
--

LOCK TABLES `jattendance_holiday_record` WRITE;
/*!40000 ALTER TABLE `jattendance_holiday_record` DISABLE KEYS */;
INSERT INTO `jattendance_holiday_record` (`id`, `d_time`, `week`, `type_id`, `remarks`) VALUES (1,'2017-01-02','星期一',1,NULL),(2,'2017-01-03','星期二',1,NULL),(3,'2017-01-04','星期三',1,NULL),(4,'2017-01-05','星期四',1,NULL),(5,'2017-01-06','星期五',1,NULL),(6,'2017-01-07','星期六',2,NULL),(7,'2017-01-08','星期日',2,NULL),(8,'2017-01-09','星期一',1,NULL),(9,'2017-01-10','星期二',1,NULL),(10,'2017-01-11','星期三',1,NULL),(11,'2017-01-12','星期四',1,NULL),(12,'2017-01-13','星期五',1,NULL),(13,'2017-01-14','星期六',2,NULL),(14,'2017-01-15','星期日',2,NULL),(15,'2017-01-16','星期一',1,NULL),(16,'2017-01-17','星期二',1,NULL),(17,'2017-01-18','星期三',1,NULL),(18,'2017-01-19','星期四',1,NULL),(19,'2017-01-20','星期五',1,NULL),(20,'2017-01-21','星期六',2,NULL),(21,'2017-01-22','星期日',2,NULL),(22,'2017-01-23','星期一',1,NULL),(23,'2017-01-24','星期二',1,NULL),(24,'2017-01-25','星期三',1,NULL),(25,'2017-01-26','星期四',1,NULL),(26,'2017-01-27','星期五',1,NULL),(27,'2017-01-28','星期六',2,NULL),(28,'2017-01-29','星期日',2,NULL),(29,'2017-01-30','星期一',1,NULL),(30,'2017-01-31','星期二',1,NULL),(31,'2017-02-01','星期三',1,NULL),(32,'2017-02-02','星期四',1,NULL),(33,'2017-02-03','星期五',1,NULL),(34,'2017-02-04','星期六',2,NULL),(35,'2017-02-05','星期日',2,NULL),(36,'2017-02-06','星期一',1,NULL),(37,'2017-02-07','星期二',1,NULL),(38,'2017-02-08','星期三',1,NULL),(39,'2017-02-09','星期四',1,NULL),(40,'2017-02-10','星期五',1,NULL),(41,'2017-02-11','星期六',2,NULL),(42,'2017-02-12','星期日',2,NULL),(43,'2017-02-13','星期一',1,NULL),(44,'2017-02-14','星期二',1,NULL),(45,'2017-02-15','星期三',1,NULL),(46,'2017-02-16','星期四',1,NULL),(47,'2017-02-17','星期五',1,NULL),(48,'2017-02-18','星期六',2,NULL),(49,'2017-02-19','星期日',2,NULL),(50,'2017-02-20','星期一',1,NULL),(51,'2017-02-21','星期二',1,NULL),(52,'2017-02-22','星期三',1,NULL),(53,'2017-02-23','星期四',1,NULL),(54,'2017-02-24','星期五',1,NULL),(55,'2017-02-25','星期六',2,NULL),(56,'2017-02-26','星期日',2,NULL),(57,'2017-02-27','星期一',1,NULL),(58,'2017-02-28','星期二',1,NULL),(59,'2017-03-01','星期三',1,NULL),(60,'2017-03-02','星期四',1,NULL),(61,'2017-03-03','星期五',1,NULL),(62,'2017-03-04','星期六',2,NULL),(63,'2017-03-05','星期日',2,NULL),(64,'2017-03-06','星期一',1,NULL),(65,'2017-03-07','星期二',1,NULL),(66,'2017-03-08','星期三',1,NULL),(67,'2017-03-09','星期四',1,NULL),(68,'2017-03-10','星期五',1,NULL),(69,'2017-03-11','星期六',2,NULL),(70,'2017-03-12','星期日',2,NULL),(71,'2017-03-13','星期一',1,NULL),(72,'2017-03-14','星期二',1,NULL),(73,'2017-03-15','星期三',1,NULL),(74,'2017-03-16','星期四',1,NULL),(75,'2017-03-17','星期五',1,NULL),(76,'2017-03-18','星期六',2,NULL),(77,'2017-03-19','星期日',2,NULL),(78,'2017-03-20','星期一',1,NULL),(79,'2017-03-21','星期二',1,NULL),(80,'2017-03-22','星期三',1,NULL),(81,'2017-03-23','星期四',1,NULL),(82,'2017-03-24','星期五',1,NULL),(83,'2017-03-25','星期六',2,NULL),(84,'2017-03-26','星期日',2,NULL),(85,'2017-03-27','星期一',1,NULL),(86,'2017-03-28','星期二',1,NULL),(87,'2017-03-29','星期三',1,NULL),(88,'2017-03-30','星期四',1,NULL),(89,'2017-03-31','星期五',1,NULL),(90,'2017-04-01','星期六',2,NULL),(91,'2017-04-02','星期日',2,NULL),(92,'2017-04-03','星期一',1,NULL),(93,'2017-04-04','星期二',1,NULL),(94,'2017-04-05','星期三',1,NULL),(95,'2017-04-06','星期四',1,NULL),(96,'2017-04-07','星期五',1,NULL),(97,'2017-04-08','星期六',2,NULL),(98,'2017-04-09','星期日',2,NULL),(99,'2017-04-10','星期一',1,NULL),(100,'2017-04-11','星期二',1,NULL),(101,'2017-04-12','星期三',1,NULL),(102,'2017-04-13','星期四',1,NULL),(103,'2017-04-14','星期五',1,NULL),(104,'2017-04-15','星期六',2,NULL),(105,'2017-04-16','星期日',2,NULL),(106,'2017-04-17','星期一',1,NULL),(107,'2017-04-18','星期二',1,NULL),(108,'2017-04-19','星期三',1,NULL),(109,'2017-04-20','星期四',1,NULL),(110,'2017-04-21','星期五',1,NULL),(111,'2017-04-22','星期六',2,NULL),(112,'2017-04-23','星期日',2,NULL),(113,'2017-04-24','星期一',1,NULL),(114,'2017-04-25','星期二',1,NULL),(115,'2017-04-26','星期三',1,NULL),(116,'2017-04-27','星期四',1,NULL),(117,'2017-04-28','星期五',1,NULL),(118,'2017-04-29','星期六',2,NULL),(119,'2017-04-30','星期日',2,NULL),(120,'2017-05-01','星期一',1,NULL),(121,'2017-05-02','星期二',1,NULL),(122,'2017-05-03','星期三',1,NULL),(123,'2017-05-04','星期四',1,NULL),(124,'2017-05-05','星期五',1,NULL),(125,'2017-05-06','星期六',2,NULL),(126,'2017-05-07','星期日',2,NULL),(127,'2017-05-08','星期一',1,NULL),(128,'2017-05-09','星期二',1,NULL),(129,'2017-05-10','星期三',1,NULL),(130,'2017-05-11','星期四',1,NULL),(131,'2017-05-12','星期五',1,NULL),(132,'2017-05-13','星期六',2,NULL),(133,'2017-05-14','星期日',2,NULL),(134,'2017-05-15','星期一',1,NULL),(135,'2017-05-16','星期二',1,NULL),(136,'2017-05-17','星期三',1,NULL),(137,'2017-05-18','星期四',1,NULL),(138,'2017-05-19','星期五',1,NULL),(139,'2017-05-20','星期六',2,NULL),(140,'2017-05-21','星期日',2,NULL),(141,'2017-05-22','星期一',1,NULL),(142,'2017-05-23','星期二',1,NULL),(143,'2017-05-24','星期三',1,NULL),(144,'2017-05-25','星期四',1,NULL),(145,'2017-05-26','星期五',1,NULL),(146,'2017-05-27','星期六',2,NULL),(147,'2017-05-28','星期日',2,NULL),(148,'2017-05-29','星期一',1,NULL),(149,'2017-05-30','星期二',1,NULL),(150,'2017-05-31','星期三',1,NULL),(151,'2017-06-01','星期四',1,NULL),(152,'2017-06-02','星期五',1,NULL),(153,'2017-06-03','星期六',2,NULL),(154,'2017-06-04','星期日',2,NULL),(155,'2017-06-05','星期一',1,NULL),(156,'2017-06-06','星期二',1,NULL),(157,'2017-06-07','星期三',1,NULL),(158,'2017-06-08','星期四',1,NULL),(159,'2017-06-09','星期五',1,NULL),(160,'2017-06-10','星期六',2,NULL),(161,'2017-06-11','星期日',2,NULL),(162,'2017-06-12','星期一',1,NULL),(163,'2017-06-13','星期二',1,NULL),(164,'2017-06-14','星期三',1,NULL),(165,'2017-06-15','星期四',1,NULL),(166,'2017-06-16','星期五',1,NULL),(167,'2017-06-17','星期六',2,NULL),(168,'2017-06-18','星期日',2,NULL),(169,'2017-06-19','星期一',1,NULL),(170,'2017-06-20','星期二',1,NULL),(171,'2017-06-21','星期三',1,NULL),(172,'2017-06-22','星期四',1,NULL),(173,'2017-06-23','星期五',1,NULL),(174,'2017-06-24','星期六',2,NULL),(175,'2017-06-25','星期日',2,NULL),(176,'2017-06-26','星期一',1,NULL),(177,'2017-06-27','星期二',1,NULL),(178,'2017-06-28','星期三',1,NULL),(179,'2017-06-29','星期四',1,NULL),(180,'2017-06-30','星期五',1,NULL),(181,'2017-07-01','星期六',2,NULL),(182,'2017-07-02','星期日',2,NULL),(183,'2017-07-03','星期一',1,NULL),(184,'2017-07-04','星期二',1,NULL),(185,'2017-07-05','星期三',1,NULL),(186,'2017-07-06','星期四',1,'测试'),(187,'2017-07-07','星期五',1,'啥是啥啊啊'),(188,'2017-07-08','星期六',2,''),(189,'2017-07-09','星期日',2,NULL),(190,'2017-07-10','星期一',1,NULL),(191,'2017-07-11','星期二',1,NULL),(192,'2017-07-12','星期三',1,NULL),(193,'2017-07-13','星期四',1,NULL),(194,'2017-07-14','星期五',1,''),(195,'2017-07-15','星期六',2,''),(196,'2017-07-16','星期日',2,NULL),(197,'2017-07-17','星期一',1,NULL),(198,'2017-07-18','星期二',1,NULL),(199,'2017-07-19','星期三',1,NULL),(200,'2017-07-20','星期四',1,NULL),(201,'2017-07-21','星期五',1,NULL),(202,'2017-07-22','星期六',2,NULL),(203,'2017-07-23','星期日',2,NULL),(204,'2017-07-24','星期一',1,NULL),(205,'2017-07-25','星期二',1,NULL),(206,'2017-07-26','星期三',1,NULL),(207,'2017-07-27','星期四',1,NULL),(208,'2017-07-28','星期五',1,NULL),(209,'2017-07-29','星期六',2,NULL),(210,'2017-07-30','星期日',2,NULL),(211,'2017-07-31','星期一',1,NULL),(212,'2017-08-01','星期二',1,NULL),(213,'2017-08-02','星期三',1,NULL),(214,'2017-08-03','星期四',1,NULL),(215,'2017-08-04','星期五',1,NULL),(216,'2017-08-05','星期六',2,NULL),(217,'2017-08-06','星期日',2,NULL),(218,'2017-08-07','星期一',1,NULL),(219,'2017-08-08','星期二',1,NULL),(220,'2017-08-09','星期三',1,NULL),(221,'2017-08-10','星期四',1,NULL),(222,'2017-08-11','星期五',1,NULL),(223,'2017-08-12','星期六',2,NULL),(224,'2017-08-13','星期日',2,NULL),(225,'2017-08-14','星期一',1,NULL),(226,'2017-08-15','星期二',1,NULL),(227,'2017-08-16','星期三',1,NULL),(228,'2017-08-17','星期四',1,NULL),(229,'2017-08-18','星期五',1,NULL),(230,'2017-08-19','星期六',2,NULL),(231,'2017-08-20','星期日',2,NULL),(232,'2017-08-21','星期一',1,NULL),(233,'2017-08-22','星期二',1,NULL),(234,'2017-08-23','星期三',1,NULL),(235,'2017-08-24','星期四',1,NULL),(236,'2017-08-25','星期五',1,NULL),(237,'2017-08-26','星期六',2,NULL),(238,'2017-08-27','星期日',2,NULL),(239,'2017-08-28','星期一',1,NULL),(240,'2017-08-29','星期二',1,NULL),(241,'2017-08-30','星期三',1,NULL),(242,'2017-08-31','星期四',1,NULL),(243,'2017-09-01','星期五',1,NULL),(244,'2017-09-02','星期六',2,NULL),(245,'2017-09-03','星期日',2,NULL),(246,'2017-09-04','星期一',1,NULL),(247,'2017-09-05','星期二',1,NULL),(248,'2017-09-06','星期三',1,NULL),(249,'2017-09-07','星期四',1,NULL),(250,'2017-09-08','星期五',1,NULL),(251,'2017-09-09','星期六',2,NULL),(252,'2017-09-10','星期日',2,NULL),(253,'2017-09-11','星期一',1,NULL),(254,'2017-09-12','星期二',1,NULL),(255,'2017-09-13','星期三',1,NULL),(256,'2017-09-14','星期四',1,NULL),(257,'2017-09-15','星期五',1,NULL),(258,'2017-09-16','星期六',2,NULL),(259,'2017-09-17','星期日',2,NULL),(260,'2017-09-18','星期一',1,NULL),(261,'2017-09-19','星期二',1,NULL),(262,'2017-09-20','星期三',1,NULL),(263,'2017-09-21','星期四',1,NULL),(264,'2017-09-22','星期五',1,NULL),(265,'2017-09-23','星期六',2,NULL),(266,'2017-09-24','星期日',2,NULL),(267,'2017-09-25','星期一',1,NULL),(268,'2017-09-26','星期二',1,NULL),(269,'2017-09-27','星期三',1,NULL),(270,'2017-09-28','星期四',1,NULL),(271,'2017-09-29','星期五',1,NULL),(272,'2017-09-30','星期六',1,''),(273,'2017-10-01','星期日',2,NULL),(274,'2017-10-02','星期一',2,''),(275,'2017-10-03','星期二',2,''),(276,'2017-10-04','星期三',2,''),(277,'2017-10-05','星期四',2,''),(278,'2017-10-06','星期五',2,''),(279,'2017-10-07','星期六',2,''),(280,'2017-10-08','星期日',2,NULL),(281,'2017-10-09','星期一',1,NULL),(282,'2017-10-10','星期二',1,NULL),(283,'2017-10-11','星期三',1,NULL),(284,'2017-10-12','星期四',1,NULL),(285,'2017-10-13','星期五',1,NULL),(286,'2017-10-14','星期六',2,NULL),(287,'2017-10-15','星期日',2,NULL),(288,'2017-10-16','星期一',1,NULL),(289,'2017-10-17','星期二',1,NULL),(290,'2017-10-18','星期三',1,NULL),(291,'2017-10-19','星期四',1,NULL),(292,'2017-10-20','星期五',1,NULL),(293,'2017-10-21','星期六',2,NULL),(294,'2017-10-22','星期日',2,NULL),(295,'2017-10-23','星期一',1,NULL),(296,'2017-10-24','星期二',1,NULL),(297,'2017-10-25','星期三',1,NULL),(298,'2017-10-26','星期四',1,NULL),(299,'2017-10-27','星期五',1,NULL),(300,'2017-10-28','星期六',2,NULL),(301,'2017-10-29','星期日',2,NULL),(302,'2017-10-30','星期一',1,NULL),(303,'2017-10-31','星期二',1,NULL),(304,'2017-11-01','星期三',1,NULL),(305,'2017-11-02','星期四',1,NULL),(306,'2017-11-03','星期五',1,NULL),(307,'2017-11-04','星期六',2,NULL),(308,'2017-11-05','星期日',2,NULL),(309,'2017-11-06','星期一',1,NULL),(310,'2017-11-07','星期二',1,NULL),(311,'2017-11-08','星期三',1,NULL),(312,'2017-11-09','星期四',1,NULL),(313,'2017-11-10','星期五',1,NULL),(314,'2017-11-11','星期六',2,NULL),(315,'2017-11-12','星期日',2,NULL),(316,'2017-11-13','星期一',1,NULL),(317,'2017-11-14','星期二',1,NULL),(318,'2017-11-15','星期三',1,NULL),(319,'2017-11-16','星期四',1,NULL),(320,'2017-11-17','星期五',1,NULL),(321,'2017-11-18','星期六',2,NULL),(322,'2017-11-19','星期日',2,NULL),(323,'2017-11-20','星期一',1,NULL),(324,'2017-11-21','星期二',1,NULL),(325,'2017-11-22','星期三',1,NULL),(326,'2017-11-23','星期四',1,NULL),(327,'2017-11-24','星期五',1,NULL),(328,'2017-11-25','星期六',2,NULL),(329,'2017-11-26','星期日',2,NULL),(330,'2017-11-27','星期一',1,NULL),(331,'2017-11-28','星期二',1,NULL),(332,'2017-11-29','星期三',1,NULL),(333,'2017-11-30','星期四',1,NULL),(334,'2017-12-01','星期五',1,NULL),(335,'2017-12-02','星期六',2,NULL),(336,'2017-12-03','星期日',2,NULL),(337,'2017-12-04','星期一',1,NULL),(338,'2017-12-05','星期二',1,NULL),(339,'2017-12-06','星期三',1,NULL),(340,'2017-12-07','星期四',1,NULL),(341,'2017-12-08','星期五',1,NULL),(342,'2017-12-09','星期六',2,NULL),(343,'2017-12-10','星期日',2,NULL),(344,'2017-12-11','星期一',1,NULL),(345,'2017-12-12','星期二',1,NULL),(346,'2017-12-13','星期三',1,NULL),(347,'2017-12-14','星期四',1,NULL),(348,'2017-12-15','星期五',1,NULL),(349,'2017-12-16','星期六',2,NULL),(350,'2017-12-17','星期日',2,NULL),(351,'2017-12-18','星期一',1,NULL),(352,'2017-12-19','星期二',1,NULL),(353,'2017-12-20','星期三',1,NULL),(354,'2017-12-21','星期四',1,NULL),(355,'2017-12-22','星期五',1,NULL),(356,'2017-12-23','星期六',2,NULL),(357,'2017-12-24','星期日',2,NULL),(358,'2017-12-25','星期一',1,NULL),(359,'2017-12-26','星期二',1,NULL),(360,'2017-12-27','星期三',1,NULL),(361,'2017-12-28','星期四',1,NULL),(362,'2017-12-29','星期五',1,NULL),(363,'2017-12-30','星期六',2,NULL),(364,'2017-12-31','星期日',2,NULL);
/*!40000 ALTER TABLE `jattendance_holiday_record` ENABLE KEYS */;
UNLOCK TABLES;

--
-- Dumping data for table `jmeet_meetingroom`
--

LOCK TABLES `jmeet_meetingroom` WRITE;
/*!40000 ALTER TABLE `jmeet_meetingroom` DISABLE KEYS */;
INSERT INTO `jmeet_meetingroom` (`id`, `name`, `size`, `eq_info`, `remarks`, `status_id`, `open_time`, `is_real`) VALUES (1,'阿尔法',20,'投影（仅支持视频接口HDMI、VGA、MiniDP）、电话会议','',1,'09:00:00.000000',1),(2,'贝塔',10,'投影（仅支持视频接口HDMI、VGA、MiniDP）、电话会议','如需使用八爪鱼需预定使用时间段，开会前再到前台领取即可',1,'09:00:00.000000',1),(3,'伽马',10,'投影（仅支持视频接口HDMI、VGA、MiniDP）、电话会议','如需使用八爪鱼需预定使用时间段，开会前再到前台领取即可',1,'09:00:00.000000',1),(5,'伊普西龙',4,'','',1,'09:00:00.000000',1),(6,'截塔',4,'','',1,'09:00:00.000000',1),(7,'艾塔',4,'','',1,'09:00:00.000000',1),(8,'西塔',4,'','',1,'09:00:00.000000',1),(9,'约塔',2,'','',1,'09:00:00.000000',1),(10,'德尔塔',2,'','',1,'09:00:00.000000',1),(11,'八爪鱼预定',NULL,'八爪鱼使用预定','此会议室为虚拟会议室，不能单独预定，仅作为配合贝塔、伽马会议室八爪鱼功能预定使用，如有疑问请联系HR',1,'09:00:00.000000',0);
/*!40000 ALTER TABLE `jmeet_meetingroom` ENABLE KEYS */;
UNLOCK TABLES;

--
-- Dumping data for table `jmeet_meetstatus`
--

LOCK TABLES `jmeet_meetstatus` WRITE;
/*!40000 ALTER TABLE `jmeet_meetstatus` DISABLE KEYS */;
INSERT INTO `jmeet_meetstatus` (`id`, `name`) VALUES (1,'正常'),(2,'关闭');
/*!40000 ALTER TABLE `jmeet_meetstatus` ENABLE KEYS */;
UNLOCK TABLES;

--
-- Dumping data for table `jperm_email_template`
--

LOCK TABLES `jperm_email_template` WRITE;
/*!40000 ALTER TABLE `jperm_email_template` DISABLE KEYS */;
INSERT INTO `jperm_email_template` (`id`, `name`, `subject`, `template_path`, `email_host`, `email_port`, `email_host_user`, `email_host_password`) VALUES (1,'资产配发通知模板','资产配发通知','jperm/mail_asset_assign.html','','','',''),(2,'资产回收通知模板','资产回收通知','jperm/mail_asset_recycle.html','','','',''),(3,'员工入职前通知模板','员工入职通知','jperm/mail_user_indoction.html','','','',''),(4,'生日礼物领取提醒','生日礼物领取提醒','jperm/mail_gift_choice.html','','','',''),(5,'生日祝福','生日祝福','jperm/birthday_wishes.html','','','','');
/*!40000 ALTER TABLE `jperm_email_template` ENABLE KEYS */;
UNLOCK TABLES;

--
-- Dumping data for table `jperm_menu`
--

LOCK TABLES `jperm_menu` WRITE;
/*!40000 ALTER TABLE `jperm_menu` DISABLE KEYS */;
INSERT INTO `jperm_menu` (`id`, `code`, `url`, `name`, `parent_id`, `icon`) VALUES (1,'juser','user_admin','组织管理',NULL,'fa-group'),(2,'jasset','asset_admin','资产管理',NULL,'fa-inbox'),(3,'jattendance','attendance_admin','考勤管理',NULL,'fa-calendar-o'),(4,'jmeet','meet_admin','会议室管理',NULL,'fa-list'),(5,'jact','act_admin','福利管理',NULL,'fa-gift'),(6,'jperm','role_admin','系统管理',NULL,'fa-gears'),(101,'department','user_group_list','部门管理',1,NULL),(102,'employees','user_list','在职员工管理',1,NULL),(103,'induction','user_induction_list','入职员工管理',1,NULL),(104,'departure','user_departure_list','离职员工管理',1,NULL),(105,'positive','user_positive','员工转正管理',1,NULL),(106,'mydetail','user_detail','个人信息',1,NULL),(107,'portrait','portrait_list','员工头像管理',1,NULL),(201,'asset_type','asset_type_list','资产类型管理',2,NULL),(202,'asset','asset_manager','资产管理',2,NULL),(203,'myasset','asset_select_list','个人资产耗材',2,NULL),(204,'consumablestype','consumables_type_list','耗材类别管理',2,NULL),(205,'purchase','purchase_list','耗材采购管理',2,NULL),(206,'assignrecycle','assignrecycle_list','耗材操作记录',2,NULL),(301,'attdict','dict_manager','考勤系统管理',3,NULL),(302,'holiday','holiday_manager','节假日管理',3,NULL),(303,'attcheck','attendance_check','考勤核对',3,NULL),(304,'attendance','attendance_list','我的考勤',3,NULL),(401,'meet','meet_manager','会议室管理',4,NULL),(402,'myres','my_reservation','会议室预定',4,NULL),(403,'reservation','reservation_list','ES会议室预定',4,NULL),(404,'mylist','my_list','我的预约',4,NULL),(501,'jact','act_manager','团建管理',5,NULL),(502,'myact','my_act','我的团建',5,NULL),(503,'jactcost','act_cost','经费管理',5,NULL),(504,'giftmanager','gift_manager','礼物管理',5,NULL),(505,'giftquest','gift_quest','发放管理',5,NULL),(506,'mygift','my_gift','我的礼物',5,NULL),(601,'email','sys_email_list','邮件模板管理',6,NULL),(602,'role','role_list','角色管理',6,'');
/*!40000 ALTER TABLE `jperm_menu` ENABLE KEYS */;
UNLOCK TABLES;

--
-- Dumping data for table `jperm_menu_permission`
--

LOCK TABLES `jperm_menu_permission` WRITE;
/*!40000 ALTER TABLE `jperm_menu_permission` DISABLE KEYS */;
INSERT INTO `jperm_menu_permission` (`id`, `update_time`, `menu_id`, `role_id`) VALUES (1,'2017-05-19 18:29:06.000000',1,2),(2,'2017-05-19 18:29:06.000000',2,2),(3,'2017-05-19 18:29:06.000000',3,2),(4,'2017-05-19 18:29:06.000000',4,2),(5,'2017-05-19 19:40:03.000000',1,5),(9,'2017-05-26 16:10:04.000000',5,2),(11,'2017-05-31 10:06:49.000000',6,2),(15,'2017-06-02 15:37:33.946018',2,6),(55,'2017-09-22 17:37:33.000000',101,2),(56,'2017-09-22 17:37:33.000000',102,2),(57,'2017-09-22 17:37:33.000000',103,2),(58,'2017-09-22 17:37:33.000000',104,2),(59,'2017-09-22 17:37:33.000000',201,2),(60,'2017-09-22 17:37:33.000000',202,2),(61,'2017-09-22 17:37:33.000000',301,2),(62,'2017-09-22 17:37:33.000000',302,2),(63,'2017-09-22 17:37:33.000000',303,2),(64,'2017-09-22 17:37:33.000000',401,2),(66,'2017-09-22 17:37:33.000000',501,2),(67,'2017-09-22 17:37:33.000000',502,2),(68,'2017-09-22 17:37:33.000000',105,2),(69,'2017-09-22 17:39:53.000000',1,7),(70,'2017-09-22 17:39:59.000000',4,8),(71,'2017-09-22 17:40:23.000000',3,10),(72,'2017-09-22 17:43:02.000000',5,11),(99,'2017-09-23 16:17:28.000000',601,2),(100,'2017-09-23 16:17:28.000000',602,2),(158,'2017-09-25 17:14:14.000000',5,1),(159,'2017-09-25 17:14:14.000000',502,1),(160,'2017-09-25 17:22:14.000000',1,1),(162,'2017-09-25 17:22:14.000000',3,1),(163,'2017-09-25 17:22:14.000000',106,1),(165,'2017-09-25 17:22:14.000000',304,1),(167,'2017-09-25 17:27:01.000000',404,1),(168,'2017-09-25 17:27:01.000000',402,1),(169,'2017-09-25 17:27:01.000000',4,1),(170,'2017-09-25 17:56:38.000000',304,2),(171,'2017-09-25 17:56:38.000000',106,2),(172,'2017-09-25 17:56:38.000000',403,2),(173,'2017-09-25 17:56:38.000000',404,2),(174,'2017-09-25 17:56:38.000000',203,2),(175,'2017-09-25 18:17:03.000000',104,5),(176,'2017-09-25 18:17:03.000000',106,5),(177,'2017-09-25 18:17:03.000000',101,5),(178,'2017-09-25 18:17:03.000000',102,5),(179,'2017-09-25 18:17:03.000000',103,5),(180,'2017-09-25 18:17:56.000000',1,6),(181,'2017-09-25 18:17:56.000000',3,6),(182,'2017-09-25 18:17:56.000000',4,6),(183,'2017-09-25 18:17:56.000000',5,6),(184,'2017-09-25 18:17:56.000000',102,6),(185,'2017-09-25 18:17:56.000000',103,6),(186,'2017-09-25 18:17:56.000000',104,6),(187,'2017-09-25 18:17:56.000000',201,6),(188,'2017-09-25 18:17:56.000000',106,6),(189,'2017-09-25 18:17:56.000000',203,6),(190,'2017-09-25 18:17:56.000000',304,6),(191,'2017-09-25 18:17:56.000000',402,6),(192,'2017-09-25 18:17:56.000000',404,6),(193,'2017-09-25 18:17:56.000000',502,6),(194,'2017-09-25 18:17:56.000000',202,6),(195,'2017-09-25 18:18:11.000000',2,5),(196,'2017-09-25 18:18:11.000000',3,5),(197,'2017-09-25 18:18:11.000000',4,5),(198,'2017-09-25 18:18:11.000000',5,5),(199,'2017-09-25 18:18:11.000000',203,5),(200,'2017-09-25 18:18:11.000000',304,5),(201,'2017-09-25 18:18:11.000000',402,5),(202,'2017-09-25 18:18:11.000000',404,5),(203,'2017-09-25 18:18:11.000000',502,5),(204,'2017-09-25 18:19:09.000000',2,7),(205,'2017-09-25 18:19:09.000000',3,7),(206,'2017-09-25 18:19:09.000000',4,7),(207,'2017-09-25 18:19:09.000000',5,7),(208,'2017-09-25 18:19:09.000000',102,7),(209,'2017-09-25 18:19:09.000000',103,7),(210,'2017-09-25 18:19:09.000000',106,7),(211,'2017-09-25 18:19:09.000000',203,7),(212,'2017-09-25 18:19:09.000000',304,7),(213,'2017-09-25 18:19:09.000000',402,7),(214,'2017-09-25 18:19:09.000000',404,7),(215,'2017-09-25 18:19:09.000000',502,7),(216,'2017-09-25 18:20:01.000000',1,8),(217,'2017-09-25 18:20:01.000000',2,8),(218,'2017-09-25 18:20:01.000000',3,8),(219,'2017-09-25 18:20:01.000000',5,8),(220,'2017-09-25 18:20:01.000000',106,8),(221,'2017-09-25 18:20:01.000000',203,8),(222,'2017-09-25 18:20:01.000000',304,8),(223,'2017-09-25 18:20:01.000000',401,8),(224,'2017-09-25 18:20:01.000000',403,8),(225,'2017-09-25 18:20:01.000000',404,8),(226,'2017-09-25 18:20:01.000000',502,8),(227,'2017-09-25 18:20:32.000000',1,10),(228,'2017-09-25 18:20:32.000000',2,10),(229,'2017-09-25 18:20:32.000000',4,10),(230,'2017-09-25 18:20:32.000000',5,10),(231,'2017-09-25 18:20:32.000000',102,10),(232,'2017-09-25 18:20:32.000000',104,10),(233,'2017-09-25 18:20:32.000000',203,10),(234,'2017-09-25 18:20:32.000000',301,10),(235,'2017-09-25 18:20:32.000000',302,10),(236,'2017-09-25 18:20:32.000000',303,10),(237,'2017-09-25 18:20:32.000000',304,10),(238,'2017-09-25 18:20:32.000000',402,10),(239,'2017-09-25 18:20:32.000000',404,10),(240,'2017-09-25 18:20:32.000000',502,10),(241,'2017-09-25 18:20:58.000000',1,11),(242,'2017-09-25 18:20:58.000000',2,11),(243,'2017-09-25 18:20:58.000000',3,11),(244,'2017-09-25 18:20:58.000000',4,11),(245,'2017-09-25 18:20:58.000000',106,11),(246,'2017-09-25 18:20:58.000000',203,11),(247,'2017-09-25 18:20:58.000000',304,11),(248,'2017-09-25 18:20:58.000000',402,11),(249,'2017-09-25 18:20:58.000000',404,11),(250,'2017-09-25 18:20:58.000000',501,11),(251,'2017-09-25 18:20:58.000000',502,11),(257,'2017-09-25 18:24:37.000000',503,2),(258,'2017-09-25 18:42:44.000000',1,24),(259,'2017-09-25 18:42:44.000000',106,24),(260,'2017-09-25 18:42:44.000000',103,24),(261,'2017-09-25 18:43:50.000000',4,24),(262,'2017-09-25 18:43:50.000000',5,24),(263,'2017-09-25 18:43:50.000000',401,24),(264,'2017-09-25 18:43:50.000000',402,24),(265,'2017-09-25 18:43:50.000000',403,24),(266,'2017-09-25 18:43:50.000000',404,24),(267,'2017-09-25 18:43:50.000000',502,24),(268,'2017-09-25 18:50:53.000000',1,25),(269,'2017-09-25 18:50:53.000000',2,25),(270,'2017-09-25 18:50:53.000000',101,25),(271,'2017-09-25 18:50:53.000000',201,25),(272,'2017-09-25 18:50:53.000000',202,25),(273,'2017-09-25 18:50:53.000000',203,25),(274,'2017-09-25 18:50:53.000000',106,25),(275,'2017-09-25 18:51:44.000000',304,25),(276,'2017-09-25 18:51:44.000000',3,25),(277,'2017-09-25 18:51:44.000000',303,25),(281,'2017-09-26 18:09:27.000000',504,2),(282,'2017-09-26 18:09:27.000000',505,2),(283,'2017-10-12 13:43:36.588484',506,1),(284,'2017-10-12 13:44:24.541462',506,2),(285,'2017-10-12 13:44:46.834117',506,5),(286,'2017-10-12 13:45:10.605482',506,6),(287,'2017-10-12 13:45:25.877396',506,7),(288,'2017-10-12 13:45:43.635082',504,8),(289,'2017-10-12 13:45:43.636896',505,8),(290,'2017-10-12 13:45:43.638697',506,8),(291,'2017-10-12 13:46:31.673669',106,10),(292,'2017-10-12 13:46:31.675525',506,10),(293,'2017-10-12 13:46:46.791841',506,11),(294,'2017-10-12 13:46:46.793645',503,11),(296,'2017-11-29 11:00:16.021229',107,2),(297,'2017-11-29 11:49:07.563894',107,8),(298,'2017-12-04 19:38:18.431351',2,1),(299,'2017-12-04 19:38:18.433918',203,1),(300,'2017-12-04 19:38:59.352895',204,2),(301,'2017-12-04 19:38:59.355048',205,2),(302,'2017-12-04 19:38:59.357173',206,2),(303,'2017-12-05 10:46:55.295638',204,6),(304,'2017-12-05 10:46:55.298212',205,6),(305,'2017-12-05 10:46:55.300582',206,6);
/*!40000 ALTER TABLE `jperm_menu_permission` ENABLE KEYS */;
UNLOCK TABLES;

--
-- Dumping data for table `juser_employingway`
--

LOCK TABLES `juser_employingway` WRITE;
/*!40000 ALTER TABLE `juser_employingway` DISABLE KEYS */;
INSERT INTO `juser_employingway` (`id`, `name`) VALUES (1,'正式'),(2,'实习'),(3,'派遣');
/*!40000 ALTER TABLE `juser_employingway` ENABLE KEYS */;
UNLOCK TABLES;

--
-- Dumping data for table `juser_role`
--

LOCK TABLES `juser_role` WRITE;
/*!40000 ALTER TABLE `juser_role` DISABLE KEYS */;
INSERT INTO `juser_role` (`id`, `code`, `name`, `create_time`, `comment`) VALUES (1,'CU','普通用户','2017-05-19 14:39:28.000000',''),(2,'SU','超级管理员','2017-05-19 14:39:28.000000',''),(5,'GA','组织超级管理员','2017-05-19 17:30:38.000000',''),(6,'GA','资产管理员','2017-05-22 10:18:30.000000',''),(7,'GA','组织管理员','2017-06-30 18:11:44.801063',''),(8,'GA','ES管理员','2017-07-05 18:17:52.284193',''),(10,'GA','组织、考勤管理员','2017-07-28 17:56:46.353440',''),(11,'GA','团建管理员','2017-08-10 11:08:22.249957','');
/*!40000 ALTER TABLE `juser_role` ENABLE KEYS */;
UNLOCK TABLES;

--
-- Dumping data for table `juser_userposition`
--

LOCK TABLES `juser_userposition` WRITE;
/*!40000 ALTER TABLE `juser_userposition` DISABLE KEYS */;
INSERT INTO `juser_userposition` (`id`, `name`) VALUES (1,'北京'),(2,'天津'),(3,'上海'),(4,'深圳'),(5,'武汉'),(6,'广州'),(7,'兰州'),(8,'成都'),(9,'南京'),(10,'长沙'),(11,'郑州'),(12,'重庆'),(13,'苏州'),(14,'南宁'),(15,'西安'),(16,'石家庄'),(17,'唐山'),(18,'徐州'),(19,'洛阳'),(20,'东莞'),(21,'襄阳'),(22,'邯郸'),(23,'平顶山'),(24,'许昌'),(25,'南阳'),(26,'佛山'),(27,'青岛'),(28,'合肥'),(29,'济南'),(30,'柳州'),(31,'太原'),(32,'昆明'),(33,'宁波');
/*!40000 ALTER TABLE `juser_userposition` ENABLE KEYS */;
UNLOCK TABLES;
/*!40103 SET TIME_ZONE=@OLD_TIME_ZONE */;

/*!40101 SET SQL_MODE=@OLD_SQL_MODE */;
/*!40014 SET FOREIGN_KEY_CHECKS=@OLD_FOREIGN_KEY_CHECKS */;
/*!40014 SET UNIQUE_CHECKS=@OLD_UNIQUE_CHECKS */;
/*!40101 SET CHARACTER_SET_CLIENT=@OLD_CHARACTER_SET_CLIENT */;
/*!40101 SET CHARACTER_SET_RESULTS=@OLD_CHARACTER_SET_RESULTS */;
/*!40101 SET COLLATION_CONNECTION=@OLD_COLLATION_CONNECTION */;
/*!40111 SET SQL_NOTES=@OLD_SQL_NOTES */;

-- Dump completed on 2017-12-14  1:09:32
